<?xml version="1.0" encoding="UTF-8"?>

<ConceptMap xmlns="http://hl7.org/fhir">
  <id value="readv2-snomed-covid19"/>
  <text>
    <status value="generated"/><div xmlns="http://www.w3.org/1999/xhtml"><h2>EMIS ReadV2 to SNOMED CT mappings for COVID 19 (https://interopen.github.io/covid-19/ConceptMap/readv2-snomed-covid19)</h2><p>Mapping from (not specified) to (not specified)</p><p>DRAFT (not intended for production usage). Published on 27 Mar 2020, 00:00:00 by HL7 UK and INTEROPen (). Creative Commons 0</p><div><p>Example rule-based mappings between SNOMED CT to ICD-10-CM for fracture of ulna</p>
</div><br/><table class="grid"><tr><td><b>Source Code</b></td><td><b>Relationship</b></td><td><b>Destination Code</b></td></tr><tr><td>EMISNQSU106</td><td><a href="http://hl7.org/fhir/R4/codesystem-concept-map-equivalence.html#equal">is equal to</a></td><td>840544004 (Suspected disease caused by 2019 novel coronavirus)</td></tr><tr><td>EMISNQEX58</td><td><a href="http://hl7.org/fhir/R4/codesystem-concept-map-equivalence.html#equal">is equal to</a></td><td>840546002 (Exposure to 2019 novel coronavirus)</td></tr></table></div>
  </text>
  <url value="https://interopen.github.io/covid-19/ConceptMap/readv2-snomed-covid19"/>
  <version value="0.2.0"/>
  <name value="EMIS ReadV2 to SNOMED CT mappings for COVID 19"/>
  <status value="draft"/>
  <experimental value="true"/>
  <date value="2020-03-27T00:00:00+00:00"/>
  <publisher value="HL7 UK and INTEROPen"/>
  <contact>
    <telecom>
      <system value="other"/>
      <value value="https://interopen.ryver.com/"/>
    </telecom>
  </contact>
  <description value="Example rule-based mappings between SNOMED CT to ICD-10-CM for fracture of ulna"/>
  <jurisdiction>
    <coding>
      <system value="http://unstats.un.org/unsd/methods/m49/m49.htm"/>
      <code value="826"/>
    </coding>
  </jurisdiction>
  <purpose value="Mapping from EMIS Read V2 to SNOMED"/>
  <copyright value="Creative Commons 0"/>
  <group>
    <source value="http://read.info/readv2"/>
    <target value="http://snomed.info/sct"/>
    <element>
      <code value="EMISNQSU106"/>
      <target>
        <code value="840544004"/>
        <equivalence value="equal"/>
      </target>
    </element>
    <element>
      <code value="EMISNQEX58"/>
      <target>
        <code value="840546002"/>
        <equivalence value="equal"/>
      </target>
    </element>
  </group>
</ConceptMap>