<?xml version="1.0" encoding="UTF-8"?><ImplementationGuide xmlns="http://hl7.org/fhir"><id value="interopen.covid19"/><text><status value="generated"/><div xmlns="http://www.w3.org/1999/xhtml"><h2>UK COVID-19 Support</h2><p>The official URL for this implementation guide is: </p><pre>https://interopen.github.io/covid-19/ImplementationGuide/covid-19</pre><div><p>Example of COVID 19 IG for discussion)</p>
</div></div></text><url value="https://interopen.github.io/covid-19/ImplementationGuide/covid-19"/><version value="0.2.0"/><name value="UK COVID-19 Support"/><title value="UK COVID-19 Support"/><status value="draft"/><experimental value="false"/><date value="2020-03-27T06:53:40+00:00"/><publisher value="HL7 UK and INTEROPen"/><contact><telecom><system value="other"/><value value="https://interopen.ryver.com/"/></telecom></contact><description value="Example of COVID 19 IG for discussion)"/><jurisdiction><coding><system value="http://unstats.un.org/unsd/methods/m49/m49.htm"/><code value="826"/></coding></jurisdiction><packageId value="covid19.r4"/><license value="CC0-1.0"/><fhirVersion value="4.0.1"/><definition><extension url="http://hl7.org/fhir/tools/StructureDefinition/ig-parameter"><extension url="code"><valueString value="copyrightyear"/></extension><extension url="value"><valueString value="2020"/></extension></extension><extension url="http://hl7.org/fhir/tools/StructureDefinition/ig-parameter"><extension url="code"><valueString value="releaselabel"/></extension><extension url="value"><valueString value="CI Build"/></extension></extension><extension url="http://hl7.org/fhir/tools/StructureDefinition/ig-parameter"><extension url="code"><valueString value="autoload-resources"/></extension><extension url="value"><valueString value="true"/></extension></extension><extension url="http://hl7.org/fhir/tools/StructureDefinition/ig-parameter"><extension url="code"><valueString value="path-qa"/></extension><extension url="value"><valueString value="temp/qa"/></extension></extension><extension url="http://hl7.org/fhir/tools/StructureDefinition/ig-parameter"><extension url="code"><valueString value="path-temp"/></extension><extension url="value"><valueString value="temp/pages"/></extension></extension><extension url="http://hl7.org/fhir/tools/StructureDefinition/ig-parameter"><extension url="code"><valueString value="path-output"/></extension><extension url="value"><valueString value="output"/></extension></extension><extension url="http://hl7.org/fhir/tools/StructureDefinition/ig-parameter"><extension url="code"><valueString value="path-suppressed-warnings"/></extension><extension url="value"><valueString value="input/ignoreWarnings.txt"/></extension></extension><extension url="http://hl7.org/fhir/tools/StructureDefinition/ig-parameter"><extension url="code"><valueString value="template-html"/></extension><extension url="value"><valueString value="template-page.html"/></extension></extension><extension url="http://hl7.org/fhir/tools/StructureDefinition/ig-parameter"><extension url="code"><valueString value="template-md"/></extension><extension url="value"><valueString value="template-page-md.html"/></extension></extension><extension url="http://hl7.org/fhir/tools/StructureDefinition/ig-parameter"><extension url="code"><valueString value="apply-contact"/></extension><extension url="value"><valueString value="true"/></extension></extension><extension url="http://hl7.org/fhir/tools/StructureDefinition/ig-parameter"><extension url="code"><valueString value="apply-context"/></extension><extension url="value"><valueString value="true"/></extension></extension><extension url="http://hl7.org/fhir/tools/StructureDefinition/ig-parameter"><extension url="code"><valueString value="apply-copyright"/></extension><extension url="value"><valueString value="true"/></extension></extension><extension url="http://hl7.org/fhir/tools/StructureDefinition/ig-parameter"><extension url="code"><valueString value="apply-jurisdiction"/></extension><extension url="value"><valueString value="true"/></extension></extension><extension url="http://hl7.org/fhir/tools/StructureDefinition/ig-parameter"><extension url="code"><valueString value="apply-license"/></extension><extension url="value"><valueString value="true"/></extension></extension><extension url="http://hl7.org/fhir/tools/StructureDefinition/ig-parameter"><extension url="code"><valueString value="apply-publisher"/></extension><extension url="value"><valueString value="true"/></extension></extension><extension url="http://hl7.org/fhir/tools/StructureDefinition/ig-parameter"><extension url="code"><valueString value="apply-version"/></extension><extension url="value"><valueString value="true"/></extension></extension><extension url="http://hl7.org/fhir/tools/StructureDefinition/ig-parameter"><extension url="code"><valueString value="active-tables"/></extension><extension url="value"><valueString value="true"/></extension></extension><grouping id="_term_valueset"><name value="Terminology: Value Sets"/><description value="These define sets of codes used by systems conforming with this implementation guide"/></grouping><grouping id="_map_conceptmap"><name value="Terminology: Concept Maps"/><description value="These define transformations to convert between codes by systems conforming with this implementation guide"/></grouping><resource><extension url="http://hl7.org/fhir/StructureDefinition/implementationguide-page"><valueUri value="ValueSet-covid-19-red-flags.html"/></extension><reference><reference value="ValueSet/covid-19-red-flags"/></reference><name value="COVID-19 Red Flags"/><description value="A list of red flags for a COVID-19 Risk Assessment from [BMJ](https://www.bmj.com/content/368/bmj.m1182)"/><groupingId value="_term_valueset"/></resource><resource><extension url="http://hl7.org/fhir/StructureDefinition/implementationguide-page"><valueUri value="ValueSet-snomed-covid-19.html"/></extension><reference><reference value="ValueSet/snomed-covid-19"/></reference><name value="SNOMED COVID-19 Codes"/><description value="Sample of SNOMED CT Codes. For more details see http://www.snomed.org/news-and-events/articles/march-2020-interim-snomedct-release-COVID-19"/><groupingId value="_term_valueset"/></resource><resource><extension url="http://hl7.org/fhir/StructureDefinition/implementationguide-page"><valueUri value="ValueSet-emis-covid-19.html"/></extension><reference><reference value="ValueSet/emis-covid-19"/></reference><name value="EMIS COVID-19 Codes"/><description value="Sample of EMIS COVID-19 Codes"/><groupingId value="_term_valueset"/></resource><resource><extension url="http://hl7.org/fhir/StructureDefinition/implementationguide-page"><valueUri value="ConceptMap-readv2-snomed-covid19.html"/></extension><reference><reference value="ConceptMap/readv2-snomed-covid19"/></reference><name value="EMIS to SNOMED COVID-19 Concept Mapping"/><description value="Example rule-based mappings between SNOMED CT to ICD-10-CM for fracture of ulna"/><groupingId value="_map_conceptmap"/></resource><page><nameUrl value="toc.html"/><title value="Table of Contents"/><generation value="html"/><page><nameUrl value="index.html"/><title value="INTEROPEN Covid-19 Home Page"/><generation value="markdown"/></page><page><nameUrl value="artifacts.html"/><title value="Artifacts Summary"/><generation value="html"/><page><nameUrl value="ValueSet-covid-19-red-flags.html"/><title value="COVID-19 Red Flags"/><generation value="generated"/></page><page><nameUrl value="ValueSet-snomed-covid-19.html"/><title value="SNOMED COVID-19 Codes"/><generation value="generated"/></page><page><nameUrl value="ValueSet-emis-covid-19.html"/><title value="EMIS COVID-19 Codes"/><generation value="generated"/></page><page><nameUrl value="ConceptMap-readv2-snomed-covid19.html"/><title value="EMIS to SNOMED COVID-19 Concept Mapping"/><generation value="generated"/></page></page></page><parameter><code value="path-resource"/><value value="input/capabilities"/></parameter><parameter><code value="path-resource"/><value value="input/examples"/></parameter><parameter><code value="path-resource"/><value value="input/extensions"/></parameter><parameter><code value="path-resource"/><value value="input/models"/></parameter><parameter><code value="path-resource"/><value value="input/operations"/></parameter><parameter><code value="path-resource"/><value value="input/profiles"/></parameter><parameter><code value="path-resource"/><value value="input/resources"/></parameter><parameter><code value="path-resource"/><value value="input/vocabulary"/></parameter><parameter><code value="path-resource"/><value value="input/maps"/></parameter><parameter><code value="path-pages"/><value value="template/config"/></parameter><parameter><code value="path-pages"/><value value="input/images"/></parameter><parameter><code value="path-tx-cache"/><value value="input-cache/txcache"/></parameter></definition></ImplementationGuide>