<?xml version="1.0" encoding="UTF-8"?><ValueSet xmlns="http://hl7.org/fhir"><id value="covid-19-red-flags"/><text><status value="generated"/><div xmlns="http://www.w3.org/1999/xhtml"><h2>COVID-19 Red Flags</h2><div><p>A list of red flags for a COVID-19 Risk Assessment from <a href="https://www.bmj.com/content/368/bmj.m1182">BMJ</a></p>
</div><p><b>Copyright Statement:</b></p><div><p>This value set includes content from SNOMED CT, which is copyright &#xA9; 2002+ International Health Terminology Standards Development Organisation (IHTSDO), and distributed by agreement between IHTSDO and HL7. Implementer use of SNOMED CT is not covered by this agreement.</p>
</div><ul><li>Include these codes as defined in <a href="http://www.snomed.org/"><code>http://snomed.info/sct</code></a><table class="none"><tr><td style="white-space:nowrap"><b>Code</b></td><td><b>Display</b></td></tr><tr><td><a href="http://browser.ihtsdotools.org/?perspective=full&amp;conceptId1=161941007">161941007</a></td><td>Shortness of breath at rest</td><td/></tr></table></li></ul></div></text><url value="https://interopen.github.io/covid-19/ValueSet/covid-19-red-flags"/><version value="0.2.0"/><name value="COVID-19 Red Flags"/><title value="COVID-19 Red Flags"/><status value="draft"/><date value="2019-11-04T00:00:00+00:00"/><publisher value="HL7 UK and INTEROPen"/><contact><telecom><system value="other"/><value value="https://interopen.ryver.com/"/></telecom></contact><description value="A list of red flags for a COVID-19 Risk Assessment from [BMJ](https://www.bmj.com/content/368/bmj.m1182)"/><jurisdiction><coding><system value="http://unstats.un.org/unsd/methods/m49/m49.htm"/><code value="826"/></coding></jurisdiction><copyright value="This value set includes content from SNOMED CT, which is copyright &#xA9; 2002+ International Health Terminology Standards Development Organisation (IHTSDO), and distributed by agreement between IHTSDO and HL7. Implementer use of SNOMED CT is not covered by this agreement."/><compose><include><system value="http://snomed.info/sct"/><concept><code value="161941007"/><display value="Shortness of breath at rest"/></concept></include></compose></ValueSet>