<?xml version="1.0" encoding="UTF-8"?>

<ValueSet xmlns="http://hl7.org/fhir">
  <id value="emis-covid-19"/>
  <text>
    <status value="generated"/><div xmlns="http://www.w3.org/1999/xhtml"><h2>COVID-19 EMIS Codes</h2><div><p>Sample of EMIS COVID-19 Codes</p>
</div><p><b>Copyright Statement:</b></p><div><p>This value set includes content from SNOMED CT, which is copyright © 2002+ International Health Terminology Standards Development Organisation (IHTSDO), and distributed by agreement between IHTSDO and HL7. Implementer use of SNOMED CT is not covered by this agreement.</p>
</div><ul><li>Include these codes as defined in <code>http://read.info/readv2</code><table class="none"><tr><td style="white-space:nowrap"><b>Code</b></td><td><b>Display</b></td></tr><tr><td>EMISNQSU106</td><td>Suspected 2019-nCoV (Wuhan) infection</td><td/></tr><tr><td>EMISNQEX58</td><td>Exposure to 2019-nCoV (Wuhan) infection</td><td/></tr></table></li></ul></div>
  </text>
  <url value="https://interopen.github.io/covid-19/ValueSet/emis-covid-19"/>
  <version value="0.2.0"/>
  <name value="COVID-19 EMIS Codes"/>
  <title value="COVID-19 EMIS Codes"/>
  <status value="draft"/>
  <date value="2019-11-04T00:00:00+00:00"/>
  <publisher value="HL7 UK and INTEROPen"/>
  <contact>
    <telecom>
      <system value="other"/>
      <value value="https://interopen.ryver.com/"/>
    </telecom>
  </contact>
  <description value="Sample of EMIS COVID-19 Codes"/>
  <jurisdiction>
    <coding>
      <system value="http://unstats.un.org/unsd/methods/m49/m49.htm"/>
      <code value="826"/>
    </coding>
  </jurisdiction>
  <copyright value="This value set includes content from SNOMED CT, which is copyright &#xA9; 2002+ International Health Terminology Standards Development Organisation (IHTSDO), and distributed by agreement between IHTSDO and HL7. Implementer use of SNOMED CT is not covered by this agreement."/>
  <compose>
    <include>
      <system value="http://read.info/readv2"/>
      <concept>
        <code value="EMISNQSU106"/>
        <display value="Suspected 2019-nCoV (Wuhan) infection"/>
      </concept>
      <concept>
        <code value="EMISNQEX58"/>
        <display value="Exposure to 2019-nCoV (Wuhan) infection"/>
      </concept>
    </include>
  </compose>
</ValueSet>